chr.main,V2,POS,Hs_CEU,Hs_NE,Hs_NEU,Hs_PNW,Hs_SEU,Hs_WEU,Ht,n_CEU,n_NE,n_NEU,n_PNW,n_SEU,n_WEU,Gst,Htmax,Gstmax,Gprimest,SNP
CM058040.1,1,24830242,0.0162590701424348,0.00972424110600634,0.166805497709288,0.0105817111815303,0,0,0.0243441281491767,122,614,98,188,48,66,0.049334369105525,0.660902474707399,0.964982540040028,0.0511246235641513,CM058040.1_24830242
CM058040.1,1,24830251,0,0.035188702267398,0.0392000000000001,0.137845178813943,0,0,0.0462465373961218,120,614,100,188,50,68,0.0242843372518011,0.672719298245614,0.932923775186851,0.0260303552098212,CM058040.1_24830251
CM058040.1,1,24830268,0,0.019478634775598,0,0,0,0,0.0105075877802023,120,610,100,188,50,68,0.0045785579573466,0.665461961912319,0.984282380092017,0.00465167115652174,CM058040.1_24830268
CM058040.1,1,31398936,0.119173553719008,0,0,0,0,0,0.0122694711172078,110,608,102,188,52,74,0.0578204404291394,0.662313485064808,0.982545961762734,0.0588475681335118,CM058040.1_31398936
CM058040.1,1,87924364,0,0.0162063736169848,0,0,0,0,0.0086279657224213,122,612,100,188,56,76,0.00385387691485589,0.671390897158253,0.987198642935316,0.00390385151198836,CM058040.1_87924364
CM058040.1,1,104207633,0.0824910820451843,0.0345262276842673,0.0768,0,0,0,0.0338309224110604,116,626,100,188,58,74,0.0114253444986252,0.671090558447214,0.95016411414699,0.0120246011489103,CM058040.1_104207633
CM058040.1,1,104207645,0.0665873959571937,0.0191675338189385,0.0593502707205331,0.0105817111815303,0.0665873959571937,0,0.0273451696908349,116,620,98,188,58,74,0.00889076021592678,0.667938209047575,0.95942431503852,0.00926676557657373,CM058040.1_104207645
CM058041.1,2,21171536,0,0,0,0,0,0.145429362880886,0.0105260211080318,120,598,98,188,54,76,0.0740481522956421,0.669658992998205,0.985445444926649,0.0751418078766946,CM058041.1_21171536
CM058041.1,2,21644005,0,0.0159479327136818,0,0,0.0425330812854443,0,0.0105075877802023,106,622,104,188,46,70,0.0050670820296442,0.655143448720492,0.984042662730729,0.00514925035423057,CM058041.1_21644005
CM058042.1,3,4036563,0.399524375743163,0.443711045706371,0.389837567680133,0.481665912177456,0.3848,0.496883656509695,0.460325332275342,116,608,98,188,50,76,0.0402501674783807,0.812208639158897,0.456054590832434,0.0882573452553395,CM058042.1_4036563
CM058042.1,3,4036578,0,0.0356446535742685,0,0,0,0,0.0192121658905904,116,606,98,188,50,76,0.00853442423494055,0.672752411435539,0.971686164489901,0.0087831077016732,CM058042.1_4036578
CM058042.1,3,15145540,0.0773933402705513,0.0317377731529656,0.0206163194444444,0.0416478044363966,0.0512465373961217,0.156734693877551,0.0464054131124778,124,620,96,188,38,70,0.0135556075605016,0.663086131223964,0.930964685599523,0.0145608182245625,CM058042.1_15145540
CM058042.1,3,18951691,0.0838719606032625,0.00322060353798115,0,0,0.0363511659807956,0.102264426588751,0.0189801381587733,114,620,98,188,54,74,0.0321485147792155,0.660262052471197,0.972177781779355,0.0330685553421873,CM058042.1_18951691
CM058042.1,3,18951692,0.160049245921822,0.0317377731529656,0,0.100724309642372,0,0.149013878743608,0.0607510106957714,114,620,98,188,54,74,0.0266113014223878,0.67214607437264,0.912021583561839,0.0291783680364879,CM058042.1_18951692
CM058042.1,3,18951704,0,0.0128199791883454,0,0.0210502489814395,0,0,0.0103983294686107,114,620,98,188,54,74,0.00263446269213633,0.66229406694266,0.984340890285428,0.00267637229961301,CM058042.1_18951704
CM058042.1,3,18951726,0.0176977040816326,0.0191675338189385,0,0,0.0363511659807956,0.0266617969320671,0.0156104821751677,112,620,96,188,54,74,0.00316052244842967,0.662228287446819,0.976501842052357,0.00323657602302834,CM058042.1_18951726
CM058042.1,3,18951731,0.0350765306122449,0.00963059313215409,0,0.100724309642372,0,0.102264426588751,0.0326090598150026,112,620,98,188,54,74,0.0258685054484836,0.6634305833478,0.95211931290051,0.0271693947365467,CM058042.1_18951731
CM058042.1,3,18951734,0,0.00963059313215409,0,0,0,0.102264426588751,0.0122266116054743,112,620,98,180,54,74,0.0269765578997966,0.657866450869623,0.981916117330721,0.0274733833406572,CM058042.1_18951734
CM058042.1,3,35100057,0,0.0287020454331228,0,0.0416478044363966,0,0,0.0226254091450109,122,618,86,188,50,72,0.00524515754142744,0.663076832473716,0.966057123085358,0.00542944864862199,CM058042.1_35100057
CM058042.1,3,35100101,0,0.00647242368021606,0,0,0,0.0273919753086418,0.00527700792251062,122,616,86,188,50,72,0.00415963346997386,0.656157753453462,0.99199116755677,0.00419321623620788,CM058042.1_35100101
CM058042.1,3,35100114,0,0.0129026817338505,0,0.0617926663648709,0,0.104938271604938,0.0243865264441396,122,616,86,188,50,72,0.0192986914301542,0.660066129789822,0.963767420693354,0.0200242205907628,CM058042.1_35100114
CM058042.1,3,97797500,0,0,0,0,0,0.08935546875,0.00526774201547298,116,638,88,188,42,64,0.0443512797881467,0.636510303015275,0.992091077093889,0.0447048469764127,CM058042.1_97797500
CM058042.1,3,97797507,0.0503864447086801,0,0.0219753086419752,0,0,0.0298438934802572,0.00871822868902994,116,640,90,188,42,66,0.0164635650778902,0.638362966620762,0.986567680125564,0.0166877198691476,CM058042.1_97797507
CM058042.1,3,97797513,0,0.01857421875,0.0219753086419752,0,0.0464852607709751,0,0.0139123607153702,116,640,90,188,42,66,0.00442205302903259,0.643639910318027,0.978480452662291,0.0045193064582955,CM058042.1_97797513
CM058042.1,3,97797519,0,0.0459164119849451,0,0,0,0,0.0259695290858726,116,638,90,188,42,66,0.0104911180773251,0.652682363804247,0.960628506123497,0.0109210980211911,CM058042.1_97797519
CM058042.1,3,97797555,0.0980975029726516,0.0218382111474889,0.0644444444444445,0.0911611588954278,0,0,0.0430454646895457,116,634,90,188,42,66,0.0150637854150879,0.650418133802817,0.934815721083166,0.0161141763829491,CM058042.1_97797555
CM058043.1,4,1664565,0.13875,0.0323537049861495,0,0.0210502489814395,0.277777777777778,0.102264426588751,0.0564108683792899,120,608,98,188,48,74,0.0453062063880182,0.673854084011109,0.920078979690383,0.0492416492367473,CM058043.1_1664565
CM058043.1,4,1664569,0.166527777777778,0.0227612101800554,0,0.0105817111815303,0.277777777777778,0.126004382761139,0.0547510414600276,120,608,98,188,48,74,0.0599386407916512,0.671230286649474,0.923320893772685,0.0649163700246641,CM058043.1_1664569
CM058043.1,4,1664592,0,0.00328406336565101,0,0,0.1171875,0.0266617969320671,0.00876407210870855,120,608,98,188,48,74,0.0362899685948634,0.66279477038286,0.987256954060996,0.0367583823497902,CM058043.1_1664592
CM058043.1,4,1664599,0,0.0419839013604331,0.0201999167013744,0,0,0.0525931336742147,0.027820547514845,120,606,98,188,48,74,0.00744165086209743,0.67458917723468,0.959066172945967,0.00775926737071634,CM058043.1_1664599
CM058043.1,4,1664617,0,0.0163654979359322,0,0,0,0,0.00877946057252332,120,606,98,188,48,74,0.00385866753192491,0.666898400878413,0.986886183050454,0.00390994179288012,CM058043.1_1664617
CM058043.1,4,54606733,0.0487500000000001,0.0682375078835,0.0416478044363966,0,0,0.0253122945430637,0.0475907198096372,120,622,94,188,46,78,0.00825790969124902,0.676729109252267,0.930256110904617,0.00887702815864194,CM058043.1_54606733
CM058043.1,4,54606741,0,0.0285201765903991,0.100724309642372,0,0,0.0499671268902038,0.0274389413988658,122,622,94,188,46,78,0.0142517782874747,0.665844990548204,0.959378101399641,0.0148552257620668,CM058043.1_54606741
CM058043.1,4,54606751,0.0935232464391293,0.01910650220738,0,0,0,0.0973044049967127,0.0274389413988658,122,622,94,188,46,78,0.0212632927536978,0.663688468809074,0.959535986509996,0.0221599742507169,CM058043.1_54606751
CM058045.1,5,9995381,0.197530864197531,0.38589800803278,0.315263360246059,0.25350837483024,0.252400548696845,0.283587257617729,0.332254207430152,126,628,102,188,54,76,0.0200860734836461,0.786140076443325,0.58584922107335,0.0342853976093812,CM058045.1_9995381
CM058045.1,5,9995391,0,0.0219065454254126,0,0,0,0,0.0118139288195296,126,632,102,188,54,76,0.00516436238636806,0.667799008996285,0.982400516844786,0.00525688077094528,CM058045.1_9995391
CM058045.1,5,9995400,0.0762156714537667,0,0,0,0,0.0259695290858726,0.01015201999167,126,630,102,188,54,76,0.0303143899635028,0.663149613586931,0.985155283970568,0.0307711793833392,CM058045.1_9995400
CM058045.1,5,26758157,0.0170927467300832,0.0830481487991233,0,0.0210502489814395,0.0392000000000001,0.145429362880886,0.0622775047258979,116,622,98,188,50,76,0.014107192693442,0.682781096408318,0.910075214019187,0.0155011283420632,CM058045.1_26758157
CM058045.1,5,26758193,0,0.0316373900187135,0,0,0,0,0.0172400756143667,116,622,98,188,50,76,0.00744626840413196,0.666295652173913,0.974318155419138,0.00764254300580972,CM058045.1_26758193
CM058045.1,5,26758203,0.0170927467300832,0.0712203140993166,0,0.0210502489814395,0.0392000000000001,0.145429362880886,0.0557444234404536,116,622,98,188,50,76,0.0133250151296617,0.679320982986767,0.91903440415915,0.0144989296041133,CM058045.1_26758203
CM058045.1,5,26758212,0.0170927467300832,0.00959977667724687,0,0,0.0392000000000001,0,0.00865784499054811,116,622,98,188,50,76,0.00428884969188498,0.660096786389414,0.986940229111126,0.00434560226179824,CM058045.1_26758212
CM058045.1,5,63307050,0,0.0388197235565142,0,0,0,0.0273919753086418,0.0226648501192885,122,606,92,188,54,72,0.00797470298047924,0.673682458808855,0.966625070346578,0.00825004774355786,CM058045.1_63307050
CM058045.1,5,64767602,0.199019024970273,0.211584681941996,0.0593502707205331,0.128734721593481,0.21875,0.19482421875,0.184729341605524,116,632,98,188,48,64,0.008998096250347,0.717801351692967,0.744961292176837,0.0120786091100839,CM058045.1_64767602
CM058045.1,5,73013833,0,0.074192781298787,0,0.100724309642372,0,0.0281632653061223,0.0591165972635337,120,622,98,188,50,70,0.0119403921532291,0.680378843982566,0.914149708759993,0.0130617469313925,CM058045.1_73013833
CM058045.1,5,73013841,0,0.0253926241457387,0,0,0,0,0.0138401583119865,120,622,98,188,50,70,0.00593445027360849,0.663247095387828,0.979256562634986,0.00606015879805805,CM058045.1_73013841
CM058045.1,5,73013864,0.0798611111111109,0.0440028535685115,0.0968346522282382,0.0814848347668626,0.0392000000000001,0,0.0558386650317475,120,622,98,188,50,70,0.00593943514889764,0.672548228095521,0.917467606658973,0.00647372736191367,CM058045.1_73013864
CM058045.1,5,73013868,0,0.00959977667724687,0.0201999167013744,0.0314056133997285,0,0,0.0121207614515169,120,622,98,188,50,70,0.00429230812553222,0.659600395779966,0.981702959116057,0.00437230843166357,CM058045.1_73013868
CM058045.1,5,73013884,0,0.00322060353798115,0,0.100724309642372,0,0,0.0190129412875499,120,620,98,188,50,70,0.0392809655732379,0.660135108382141,0.972329763462885,0.0403988102074974,CM058045.1_73013884
CM058046.1,6,246370,0,0,0,0.0517768220914441,0,0.0487500000000001,0.0118942216378113,122,624,108,188,48,80,0.0202782344162773,0.665548980933596,0.982491104100416,0.0206396112205457,CM058046.1_246370
CM058046.1,6,16398254,0,0.026311111111111,0,0,0,0.0739644970414202,0.0192121658905904,120,600,102,188,46,78,0.0105890191731748,0.674618727234835,0.971823005899153,0.0108960367360079,CM058046.1_16398254
CM058047.1,7,36102502,0,0.0256367009613763,0,0,0,0.0266617969320671,0.0157195372941876,118,616,94,188,46,74,0.00516388892608825,0.662704882463797,0.976402221013536,0.00528869027021258,CM058047.1_36102502
CM058047.1,7,36102505,0,0.0224690082644627,0,0,0.0831758034026464,0.0525931336742147,0.0191786723864311,118,616,94,188,46,74,0.0104688202395659,0.662019874528863,0.971333346561098,0.0107777832158544,CM058047.1_36102505
